Classificacao,P/L,P/VP,DY,P/Ativo,ROE,P/Cap.Giro,P/EBIT,PSR,ROIC
C3,20.13,1.13,0.0,732.0,56.0,5.77,13.93,1405.0,0.0577
C3,20.69,2.15,0.0697,1755.0,104.0,14.78,19.95,7438.0,0.0934
C3,9.15,2.19,0.0,1919.0,0.2393,9.86,8.52,2981.0,0.3118
C3,8.93,2.14,0.0,1875.0,0.2393,9.63,8.32,2911.0,0.3118
C2,0.0,1.25,0.0,470.0,0.0,1.39,0.0,0.0,0.0
C3,8.46,1.23,0.0,565.0,0.1456,1.29,10.92,1816.0,0.0559
C3,10.63,1.3,0.1162,814.0,0.1222,3.98,9.95,2230.0,0.0983
C2,2.16,18.88,0.0,441.0,8.7355,3.3,1.65,344.0,0.3341
C2,1.89,16.53,0.0,386.0,8.7355,2.89,1.44,301.0,0.3341
C2,1.94,16.94,0.0,395.0,8.7355,2.96,1.48,309.0,0.3341
C2,9.64,0.39,0.0545,169.0,41.0,0.62,3.31,112.0,0.0872
C2,7.76,0.4,0.0,132.0,0.0511,1.45,2.02,593.0,0.0754
C2,9.34,0.48,0.0,158.0,0.0511,1.75,2.43,714.0,0.0754
C2,7.81,0.4,0.0,133.0,0.0511,1.46,2.03,597.0,0.0754
C2,-7.45,2.6,0.0,357.0,-0.3495,-3.28,3.82,772.0,0.1119
C2,11.88,1.21,0.0545,321.0,0.1019,2.92,3.97,2849.0,0.0898
C2,12.01,1.22,0.0539,325.0,0.1019,2.96,4.02,2882.0,0.0898
C2,11.95,1.22,0.0542,323.0,0.1019,2.94,4.0,2868.0,0.0898
C2,-21.64,2.33,0.0061,229.0,-0.1075,0.78,2.73,550.0,0.1238
C2,12.41,2.74,0.0,177.0,0.2209,5.68,0.98,247.0,0.2122
C2,-12.98,0.55,0.0,142.0,-0.0426,10.87,2.5,392.0,0.0643
C2,-2.83,0.31,0.0,136.0,-109.0,0.37,9.27,1473.0,0.0175
C3,14.01,2.6,0.0,1726.0,0.1859,11.33,8.89,2461.0,0.2204
C1,-1.62,-0.45,0.0,323.0,0.28,-0.22,-4.92,1562.0,-0.1371
C1,-2.21,-0.62,0.0,442.0,0.28,-0.31,-6.74,2137.0,-0.1371
C3,27.34,3.71,0.0269,1160.0,0.1357,5.69,11.24,3848.0,0.1418
C1,-0.04,-0.04,0.0,103.0,1029.0,0.0,-0.52,0.0,0.0
C1,-0.03,-0.03,0.0,91.0,1029.0,0.0,-0.46,0.0,0.0
C2,-11.01,1.17,0.0,301.0,-0.1066,-15.38,3.21,1033.0,0.1049
C3,21.09,2.8,0.0226,1436.0,0.1329,7.31,16.0,1694.0,0.1142
C2,0.29,-0.15,0.0,133.0,-0.5073,-0.2,0.4,-8357.0,0.3538
C3,10.17,1.38,0.0463,593.0,0.1362,9.42,3.95,1165.0,0.1972
C3,4.55,0.95,0.1065,427.0,0.2094,2.9,16.9,2398.0,0.0321
C3,20.0,1.9,0.0,547.0,95.0,4.08,6.78,709.0,0.1193
C1,-4.03,1.62,0.0,314.0,-0.4011,-2.87,-1.71,362.0,-0.2164
C1,-4.15,1.66,0.0,323.0,-0.4011,-2.96,-1.76,372.0,-0.2164
C2,-2.91,-0.24,0.0,275.0,0.0824,-0.39,2.11,268.0,0.1643
C3,18.4,3.74,0.0304,1628.0,0.2033,12.4,14.03,7300.0,0.1673
C3,8.81,7.08,0.1099,3727.0,0.8032,0.0,7.69,0.0,0.0
C1,0.35,-0.14,0.0,31.0,-0.3884,-2.61,-0.43,511.0,-0.0778
C1,0.28,-0.11,0.0,25.0,-0.3884,-2.1,-0.35,411.0,-0.0778
C2,14.84,12.72,0.0642,262.0,0.8567,1.33,2.41,180.0,0.2021
C2,0.36,0.07,0.0,44.0,0.1859,0.29,0.23,63.0,0.2204
C2,0.36,0.07,0.0,44.0,0.1859,0.29,0.23,62.0,0.2204
C3,15.32,1.22,0.0,808.0,0.0795,3.18,14.34,1293.0,0.0696
C1,-4.82,3.53,0.0,1247.0,-0.7328,9.14,-6.18,3495.0,-0.2543
C1,-7.96,5.83,0.0,2061.0,-0.7328,15.1,-10.21,5778.0,-0.2543
C1,-1.66,0.14,0.0,41.0,-0.0824,-0.22,-12.69,0.0,-0.0033
C3,0.0,4.16,0.0,3482.0,0.0,10.24,0.0,0.0,0.0
C3,11.87,1.01,0.0188,811.0,0.0853,1.71,11.22,793.0,0.1394
C3,15.22,1.83,0.0321,1699.0,0.1204,3.34,25.6,4929.0,0.1276
C2,3.35,-2.22,0.0,306.0,-0.6643,-2.1,1.27,175.0,0.3176
C2,6.13,-4.07,0.0,560.0,-0.6643,-3.85,2.33,320.0,0.3176
C3,0.0,6.16,0.0,4874.0,0.0,6.9,0.0,0.0,0.0
C3,14.09,1.18,0.0085,566.0,0.0841,5.26,6.09,1526.0,0.1123
C1,-5.48,2.58,0.0,212.0,-0.47,1.66,-12.53,228.0,-0.0246
C1,-5.14,2.42,0.0,199.0,-0.47,1.56,-11.76,214.0,-0.0246
C1,-4.44,2.09,0.0,172.0,-0.47,1.35,-10.16,185.0,-0.0246
C3,10.65,0.6,0.0,384.0,0.0562,20.27,7.73,4517.0,0.0522
C1,-5.46,-0.97,0.0,572.0,0.1779,-0.67,-13.13,1961.0,-0.0595
C1,-4.04,-0.72,0.0,423.0,0.1779,-0.5,-9.72,1451.0,-0.0595
C2,2.88,1.73,0.0317,256.0,0.5997,1.88,2.84,318.0,0.0993
C3,10.21,6.12,0.0,908.0,0.5997,6.66,10.07,1128.0,0.0993
C3,5.42,2.03,0.0204,1099.0,0.3748,4.37,3.59,842.0,0.3312
C2,3.47,1.3,0.0,705.0,0.3748,2.8,2.3,540.0,0.3312
C1,-11.69,0.7,0.0,460.0,-0.06,0.93,-4.61,1460.0,-0.1519
C3,19.76,2.08,0.0261,466.0,0.1054,11.35,4.82,1613.0,0.1206
C2,-0.48,-0.04,0.0,185.0,0.0785,0.0,-0.65,0.0,0.0
C2,3.54,1.13,0.0,202.0,0.3183,5.87,1.0,139.0,0.2327
C2,3.26,1.04,0.0,186.0,0.3183,5.41,0.92,128.0,0.2327
C2,6.79,1.7,0.1108,405.0,251.0,-8.93,3.07,746.0,0.1413
C2,9.05,2.27,0.0832,540.0,251.0,-11.89,4.09,993.0,0.1413
C2,-6.14,-0.64,0.0,246.0,0.1045,4.16,3.78,374.0,0.0873
C2,-6.82,-0.71,0.0,273.0,0.1045,4.62,4.2,416.0,0.0873
C2,0.0,0.99,0.0,529.0,0.0,3.99,0.0,0.0,0.0
C2,0.0,0.97,0.0,518.0,0.0,3.9,0.0,0.0,0.0
C2,0.0,0.98,0.0,523.0,0.0,3.94,0.0,0.0,0.0
C2,5.15,0.59,0.1045,413.0,0.1141,1.65,5.4,748.0,0.0931
C2,5.41,0.62,0.0994,434.0,0.1141,1.73,5.67,787.0,0.0931
C2,4.71,0.83,0.0812,101.0,0.1759,0.73,6.23,1474.0,0.0523
C3,6.64,1.86,0.0565,807.0,0.2807,12.9,5.57,1227.0,0.1635
C2,4.25,1.19,0.0882,517.0,0.2807,8.26,3.57,786.0,0.1635
C3,10.28,2.35,0.2028,936.0,0.2289,3.7,5.12,1617.0,0.2849
C3,9.01,1.57,0.0,872.0,0.1739,3.47,8.27,1511.0,0.1201
C2,8.11,0.95,0.0169,292.0,0.1172,-2.27,3.14,443.0,0.1103
C2,7.51,0.88,0.0183,270.0,0.1172,-2.1,2.9,410.0,0.1103
C2,5.68,0.67,0.0,204.0,0.1172,-1.59,2.19,310.0,0.1103
C2,-12.7,0.43,0.0,202.0,-0.0335,3.82,4.32,946.0,0.0521
C2,0.04,0.05,0.0,17.0,1.3601,0.03,-0.08,832.0,-0.7999
C2,0.26,0.36,0.0,113.0,1.3601,0.19,-0.57,5684.0,-0.7999
C2,1.07,0.5,0.0,130.0,0.4632,-0.75,0.72,449.0,0.1995
C2,1.04,0.48,0.0,126.0,0.4632,-0.73,0.7,435.0,0.1995
C2,0.0,6.02,0.0,315.0,0.0,-9.57,0.0,0.0,0.0
C3,13.93,1.23,0.0367,498.0,0.0886,7.6,7.19,1223.0,0.0787
C3,13.21,1.17,0.0359,472.0,0.0886,7.2,6.81,1159.0,0.0787
C3,14.03,1.24,0.0372,501.0,0.0886,7.65,7.24,1231.0,0.0787
C2,-11.0,0.42,0.0,54.0,-0.0386,0.2,1.21,232.0,0.0548
C2,7.76,1.92,0.0,939.0,0.2481,-3.92,4.72,2950.0,0.2174
C3,8.56,3.49,0.0,2043.0,0.4082,7.39,5.79,787.0,0.5715
C1,-19.3,2.18,0.0,782.0,-0.1128,1.99,-10.3,999.0,-0.1271
C2,0.11,0.01,0.0,2.0,75.0,0.02,0.03,2.0,0.1136
C3,13.87,2.06,0.1925,1531.0,0.1488,3.02,22.82,2111.0,0.0799
C3,12.47,1.85,0.2142,1376.0,0.1488,2.71,20.51,1897.0,0.0799
C3,9.98,1.48,0.2675,1102.0,0.1488,2.17,16.42,1519.0,0.0799
C3,15.98,1.71,0.0,1127.0,0.1068,3.98,14.09,1748.0,0.1236
C3,30.19,1.04,0.0175,313.0,0.0346,4.82,4.45,682.0,0.0849
C3,6.74,0.96,0.0776,540.0,0.1428,18.5,4.68,1082.0,0.1255
C2,-27.8,0.89,0.2355,196.0,-0.0321,1.69,2.29,371.0,0.1117
C2,6.34,2.66,0.1238,716.0,0.4193,-15.29,4.21,1120.0,0.1921
C2,7.76,3.25,0.1113,877.0,0.4193,-18.71,5.16,1372.0,0.1921
C2,7.26,3.04,0.1189,820.0,0.4193,-17.51,4.83,1283.0,0.1921
C3,8.45,1.73,0.0593,1146.0,0.2049,27.99,6.27,1276.0,0.2184
C2,3.92,-0.84,0.0,183.0,-213.0,0.63,2.07,175.0,0.11
C2,2.42,-0.52,0.0,113.0,-213.0,0.39,1.28,108.0,0.11
C2,2.48,0.03,0.0,3.0,0.0141,0.0,-0.55,0.0,0.0
C1,-2.15,0.31,0.0,140.0,-0.1426,-2.8,-1.3,465.0,-0.1196
C1,-1.56,0.22,0.0,102.0,-0.1426,-2.03,-0.94,337.0,-0.1196
C2,-0.77,0.11,0.0,50.0,-0.1426,-1.0,-0.47,167.0,-0.1196
C1,9.76,56.77,0.0,1141.0,5.8191,3.79,-10.64,317.0,-0.2186
C3,11.97,4.9,0.0167,1667.0,0.4092,3.38,8.51,1869.0,0.2954
C1,-2.19,1.93,0.0,248.0,-0.8807,-2.63,-12.89,834.0,-0.0306
C2,11.24,1.39,0.0,145.0,0.1236,1.87,3.1,526.0,0.0531
C2,6.98,1.59,0.0244,745.0,0.2278,1.73,5.28,562.0,0.2071
C2,6.2,1.41,0.0279,663.0,0.2278,1.53,4.7,500.0,0.2071
C3,12.04,2.35,0.0306,503.0,0.1954,1.45,8.64,1509.0,0.0712
C1,-0.4,-0.03,0.0,30.0,0.0824,-0.32,-0.26,-3064.0,-0.1248
C1,-0.18,-0.01,0.0,14.0,0.0824,-0.15,-0.12,-1393.0,-0.1248
C1,-1.58,-0.66,0.0,420.0,0.4149,-0.87,-2.71,938.0,-0.2864
C2,5.65,0.97,0.0,721.0,0.1725,1.93,2.37,879.0,0.4891
C3,16.62,2.26,0.0,1244.0,0.1359,17.52,10.29,2218.0,0.1438
C3,16.35,2.22,0.0,1224.0,0.1359,17.24,10.12,2182.0,0.1438
C2,9.81,1.09,0.0393,406.0,0.1108,4.57,5.08,840.0,0.0963
C3,13.02,1.32,0.0,689.0,101.0,2.44,6.26,675.0,0.1231
C2,1.74,0.91,0.0,102.0,0.5216,-0.88,0.7,118.0,0.1685
C3,11.15,2.06,1.0,245.0,0.1852,-2.59,2.3,727.0,0.1203
C2,0.0,2.86,0.0,792.0,0.0,6.21,0.0,0.0,0.0
C2,0.0,2.79,0.0,771.0,0.0,6.05,0.0,0.0,0.0
C3,10.8,4.19,0.0828,868.0,0.3882,20.57,6.59,3075.0,0.1522
C3,7.99,2.31,0.1728,612.0,0.2883,8.84,3.72,781.0,0.1958
C3,9.17,2.64,0.1658,702.0,0.2883,10.14,4.27,895.0,0.1958
C2,5.65,4.3,0.0,321.0,0.7609,-4.79,2.55,502.0,0.1469
C2,1.83,1.39,0.0,104.0,0.7609,-1.55,0.83,163.0,0.1469
C2,3.49,2.66,0.0,198.0,0.7609,-2.96,1.58,311.0,0.1469
C2,3.46,2.63,0.0,196.0,0.7609,-2.93,1.56,308.0,0.1469
C3,12.67,1.12,0.0087,590.0,0.0885,11.55,7.57,2704.0,0.1126
C2,13.01,1.76,0.0294,319.0,135.0,6.33,3.57,774.0,0.1068
C3,19.71,2.66,0.0194,484.0,135.0,9.6,5.41,1173.0,0.1068
C2,11.1,1.5,0.0345,273.0,135.0,5.41,3.05,661.0,0.1068
C1,-9.29,0.77,0.0,686.0,-0.0832,0.96,-4.95,1973.0,-0.5193
C3,14.01,4.19,0.0498,1080.0,0.2993,32.13,7.74,1954.0,0.1583
C2,4.77,1.75,0.0779,954.0,0.3676,2.63,3.56,214.0,0.3601
C2,0.99,0.36,0.0,197.0,0.3676,0.54,0.74,44.0,0.3601
C2,5.73,1.24,0.0979,536.0,0.2156,7.65,3.82,896.0,0.1696
C3,7.68,3.63,0.1439,1051.0,0.4723,8.92,5.31,1496.0,0.2395
C3,10.32,4.87,0.1071,1412.0,0.4723,11.99,7.13,2010.0,0.2395
C3,12.33,5.82,0.0896,1687.0,0.4723,14.33,8.52,2402.0,0.2395
C3,8.59,4.06,0.1287,1175.0,0.4723,9.98,5.93,1673.0,0.2395
C3,23.64,2.09,0.0102,406.0,0.0885,6.01,5.41,1138.0,0.0878
C2,2.21,0.65,0.0,160.0,293.0,-0.94,0.96,201.0,0.1857
C2,21.98,0.77,0.0,249.0,0.0351,2.62,3.23,498.0,0.0899
C2,7.03,0.79,0.0437,453.0,0.1126,1.5,5.32,461.0,0.0947
C2,7.79,0.88,0.0,501.0,0.1126,1.66,5.89,511.0,0.0947
C2,5.21,0.63,0.0492,346.0,0.1213,2.5,3.42,512.0,0.1116
C2,4.58,0.56,0.0616,304.0,0.1213,2.19,3.0,449.0,0.1116
C2,9.66,0.68,0.0232,199.0,0.0702,0.38,5.88,534.0,0.0403
C3,8.07,1.71,0.0477,1333.0,0.2119,4.09,7.24,1948.0,0.2557
C3,6.63,1.4,0.0639,1095.0,0.2119,3.36,5.94,1600.0,0.2557
C2,-0.97,4.29,0.0,163.0,-4.4386,0.84,-1.05,77.0,-0.2771
C3,12.03,2.59,0.0759,899.0,0.2157,9.59,5.13,2010.0,0.2295
C1,7.08,0.4,0.0,335.0,0.0563,5.01,-3.79,13503.0,-0.0944
C3,11.66,1.31,0.0331,692.0,0.1126,7.1,7.71,1757.0,0.1184
C3,27.12,1.57,0.0251,696.0,0.0579,10.74,10.89,1552.0,0.0735
C3,13.49,2.1,0.0282,1024.0,0.1559,2.78,7.33,1197.0,0.2171
C2,5.29,0.82,0.0,402.0,0.1559,1.09,2.88,470.0,0.2171
C2,-1.76,-0.44,0.0,107.0,0.2522,-0.31,2.4,99.0,0.0628
C1,-0.64,-0.06,0.0,149.0,0.1001,-0.05,-1.1,631.0,-0.1854
C2,0.45,-0.05,0.0,301.0,-0.1061,-0.67,1.26,-2068.0,0.2506
C2,0.31,-0.03,0.0,205.0,-0.1061,-0.46,0.86,-1411.0,0.2506
C3,-14.97,1.32,0.0,791.0,-0.0883,7.57,13.53,1518.0,0.0712
C2,7.11,1.17,0.1259,661.0,0.1642,-4.54,4.16,1693.0,0.2002
C2,7.19,1.18,0.1245,669.0,0.1642,-4.59,4.21,1712.0,0.2002
C2,7.55,1.24,0.0,81.0,0.1641,3.13,6.04,1336.0,0.0136
C2,7.55,1.24,0.0,81.0,0.1641,3.13,6.04,1336.0,0.0136
C2,4.37,0.85,0.1359,567.0,0.1952,2.09,3.4,548.0,0.1939
C2,4.74,0.92,0.1255,614.0,0.1952,2.26,3.68,594.0,0.1939
C3,21.39,4.34,0.0143,1308.0,0.2031,3.68,11.58,1215.0,0.1584
C3,14.62,2.05,0.0,1140.0,0.1405,2.72,13.03,675.0,0.1161
C2,3.8,0.7,0.0986,162.0,0.1839,0.58,0.99,159.0,0.1935
C2,3.86,0.71,0.0971,165.0,0.1839,0.59,1.01,162.0,0.1935
C2,-19.38,-0.13,0.0,168.0,7.0,-0.25,1.82,155.0,0.1122
C2,-0.6,0.22,0.0,75.0,-0.3704,-0.74,-0.75,-1104.0,-0.1181
C3,11.51,1.9,0.2015,1730.0,0.1652,3.26,19.46,2606.0,0.1136
C1,2.03,-0.28,0.0,262.0,-0.1378,0.64,-19.48,523.0,-0.0426
C2,9.03,0.27,0.0319,69.0,0.0304,0.14,4.07,350.0,0.0185
C3,8.8,0.29,0.0,130.0,0.0334,11.77,2.14,3776.0,0.0644
C3,13.73,2.16,0.0328,1000.0,157.0,6.09,9.1,2944.0,0.1228
C1,-2.04,0.4,0.0,171.0,-0.1952,22.94,-7.7,571.0,-0.0279
C1,0.56,-0.34,0.0,1035.0,-601.0,-0.99,-3.7,30247.0,-0.5799
C1,0.06,-0.04,0.0,111.0,-601.0,-0.11,-0.4,3248.0,-0.5799
C1,0.06,-0.04,0.0,112.0,-601.0,-0.11,-0.4,3266.0,-0.5799
C3,25.73,1.89,0.0,921.0,0.0736,15.49,11.54,5549.0,0.0969
C3,22.21,1.53,0.0102,849.0,0.0691,6.08,12.11,5689.0,0.0833
C3,21.53,1.49,0.0106,823.0,0.0691,5.89,11.74,5515.0,0.0833
C2,-12.52,-1.44,0.0,564.0,0.1152,-0.65,8.22,568.0,0.0761
C2,-12.26,-1.41,0.0,552.0,0.1152,-0.64,8.04,556.0,0.0761
C2,-12.4,-1.43,0.0,558.0,0.1152,-0.64,8.14,562.0,0.0761
C3,15.73,2.63,0.0,1395.0,0.1669,5.7,14.13,683.0,0.1252
C3,16.28,2.72,0.0,1443.0,0.1669,5.89,14.62,707.0,0.1252
C1,-0.48,-0.1,0.0,141.0,0.2128,-0.14,-3.33,20312.0,-0.0447
C1,-0.37,-0.08,0.0,108.0,0.2128,-0.11,-2.53,15476.0,-0.0447
C3,13.49,2.98,0.0075,1514.0,0.2212,3.33,13.99,1652.0,0.1968
C1,-10.79,0.81,0.0,161.0,-0.0747,0.0,-3.09,492.0,0.0
C3,4.21,1.32,0.0498,416.0,313.0,2.0,14.22,1532.0,0.0348
C2,9.03,0.99,0.1057,212.0,0.1097,1.94,-0.83,114.0,-0.3214
C1,-2.09,-0.09,0.0,49.0,0.0417,-0.34,-1.0,745.0,-0.0532
C2,7.97,0.67,0.0937,319.0,0.0846,1.49,5.81,2027.0,0.0588
C3,24.98,0.63,0.0267,160.0,0.0251,0.51,3.86,163.0,0.0572
C3,20.27,1.93,0.0029,468.0,0.0951,2.34,12.96,4667.0,0.0456
C2,6.98,1.54,0.0267,261.0,0.2207,3.15,3.01,379.0,0.0975
C3,6.87,3.22,0.0951,1763.0,0.4685,5.75,5.62,1326.0,0.4361
C2,5.72,2.2,0.0605,527.0,0.3854,4.84,4.07,1318.0,0.1576
C2,5.72,2.2,0.0606,527.0,0.3854,4.83,4.07,1318.0,0.1576
C2,5.64,2.17,0.0614,520.0,0.3854,4.77,4.02,1301.0,0.1576
C2,-3.48,0.74,0.0,162.0,-0.2117,1.12,3.39,357.0,0.0541
C3,14.66,1.4,0.0,406.0,0.0958,1.72,5.62,916.0,0.0767
C3,21.22,1.91,0.0,285.0,0.0902,1.2,7.4,481.0,0.0653
C3,20.99,1.89,0.0,282.0,0.0902,1.19,7.32,476.0,0.0653
C2,-0.68,0.02,0.0,3.0,-0.0237,-0.02,0.05,6.0,0.0655
C2,-0.83,-0.14,0.0,248.0,0.1705,0.0,0.0,0.0,0.0
C3,9.17,4.55,0.0863,2153.0,0.4955,7.1,7.72,1454.0,0.3632
C3,8.08,4.0,0.0,1896.0,0.4955,6.25,6.8,1281.0,0.3632
C1,-3.92,3.26,0.0,2877.0,-831.0,0.0,-21.18,0.0,0.0
C1,-1.05,0.65,0.0,192.0,-0.6251,-0.32,-1.24,225.0,-0.1837
C1,-1.18,5.54,0.0,335.0,-4.6797,-0.6,-3.11,537.0,-0.1168
C1,-0.41,0.71,0.0,93.0,-1722.0,-0.2,-1.5,164.0,-0.0713
C3,9.49,0.59,0.0439,343.0,0.0618,3.76,11.28,8664.0,33.0
C3,13.25,5.35,0.0,1483.0,0.4042,13.77,15.71,2304.0,0.1145
C3,14.77,1.55,0.0473,752.0,0.1046,3.0,5.45,1127.0,0.1755
C2,0.1,0.01,0.0,5.0,0.1046,0.02,0.04,8.0,0.1755
C1,2.4,0.6,0.0,190.0,0.2486,2.53,-5.39,978.0,-0.0367
C3,24.49,3.13,0.0,2120.0,0.1278,4.9,15.02,2217.0,0.1874
C2,3.04,0.76,0.0,384.0,0.2513,0.95,4.99,346.0,0.1067
C1,-5.3,0.78,0.0,494.0,-147.0,1.24,-4.79,658.0,-0.1432
C2,7.19,0.73,0.0,298.0,0.1014,1.25,6.01,932.0,0.0557
C1,5.64,0.5,0.0,207.0,89.0,-4.04,-7.05,239.0,-0.0335
C3,11.34,0.76,0.0752,380.0,0.0674,0.68,12.76,863.0,0.0369
C2,0.65,4.5,0.0,184.0,6.9247,1.2,1.82,151.0,0.1225
C2,0.43,2.99,0.0,122.0,6.9247,0.79,1.21,100.0,0.1225
C3,13.91,2.53,0.0161,1272.0,0.1818,5.53,8.07,2657.0,0.2073
C1,-5.78,0.67,0.0,387.0,-0.1161,0.7,-5.12,628.0,-0.0997
C2,0.01,0.0,0.0,2.0,0.4513,0.0,0.01,1.0,0.0
C2,0.01,0.0,0.0,3.0,0.4513,0.0,0.01,1.0,0.0
C2,-2.17,-0.11,0.0,710.0,0.0497,-0.1,4.7,0.0,0.2593
C2,0.15,0.82,0.0,107.0,5.3681,-0.84,1.48,172.0,0.0779
C2,-21.19,-0.1,0.0,102.0,0.0047,-0.09,0.5,86.0,0.2157
C2,-2.95,1.18,0.1255,38.0,-0.3999,0.87,2.23,35.0,0.0235
C2,8.13,1.42,0.0,579.0,0.1748,-16.57,4.08,1439.0,0.1623
C2,8.56,1.5,0.0244,610.0,0.1748,-17.45,4.29,1515.0,0.1623
C3,10.25,0.99,0.0,658.0,0.0963,2.37,16.32,883.0,0.0444
C3,9.48,0.91,0.0,609.0,0.0963,2.19,15.08,816.0,0.0444
C2,4.49,0.66,0.0,180.0,0.1473,3.5,2.64,146.0,0.1703
C3,5.78,0.55,0.1725,260.0,0.0949,0.51,13.08,699.0,0.0222
C2,4.88,1.1,0.0618,842.0,0.2264,1.51,4.12,635.0,0.2888
C3,11.8,2.76,0.0,1153.0,0.2342,3.2,7.35,1102.0,0.1992
C3,11.81,2.76,0.0,1154.0,0.2342,3.2,7.36,1103.0,0.1992
C2,5.38,0.85,0.0597,243.0,0.1572,9.67,2.39,527.0,0.1136
C1,-0.1,-0.11,0.0,112.0,1.1725,-0.26,-3.62,109.0,-0.0335
C2,-7.39,1.02,0.0,414.0,-138.0,4.85,14.77,608.0,0.0342
C2,13.35,1.49,0.0,487.0,0.1116,1.33,8.09,302.0,0.0756
C3,9.45,2.34,0.0323,1347.0,0.2473,2.68,10.26,1378.0,0.1409
C1,-2.15,-0.98,0.0,925.0,0.4553,0.0,-16.46,0.0,0.0
C1,-0.06,-0.06,0.0,47.0,952.0,-0.71,-0.34,133.0,-0.1789
C2,-11.22,1.27,0.0,426.0,-0.1132,-7.39,6.35,713.0,0.0752
C1,-0.02,0.0,0.0,13.0,0.1585,-0.01,-0.3,127.0,-0.0614
C2,10.11,1.46,0.0,396.0,0.1444,1.09,6.15,513.0,0.0845
C2,20.31,0.78,0.0469,208.0,0.0385,1.31,5.51,166.0,0.0488
C1,4.58,-0.3,0.0,151.0,-0.0664,-0.41,-4.69,109.0,-0.0374
C3,9.61,3.73,0.0168,1027.0,0.3878,1.72,4.77,1134.0,0.3059
C1,-0.07,-0.06,0.0,103.0,0.8552,-0.07,-0.36,160.0,-0.3903
C1,-0.08,-0.07,0.0,121.0,0.8552,-0.08,-0.42,188.0,-0.3903
C2,-2.9,0.55,0.0,205.0,-0.1884,0.7,8.52,354.0,0.0361
C2,-2.9,0.55,0.0,205.0,-0.1884,0.7,8.52,354.0,0.0361
C3,6.73,1.44,0.0614,644.0,0.2141,2.1,6.92,741.0,0.1253
C3,8.53,1.83,0.0485,815.0,0.2141,2.66,8.76,939.0,0.1253
C2,5.13,0.79,0.0668,284.0,0.1532,0.69,2.91,288.0,0.1286
C2,17.91,1.66,0.0266,520.0,0.0925,2.43,3.07,379.0,0.2001
C2,9.45,1.54,0.0248,335.0,0.1629,5.03,0.7,581.0,0.6076
C3,12.52,1.56,0.0266,671.0,0.1245,3.18,8.5,666.0,0.1048
C2,9.28,1.16,0.0359,497.0,0.1245,2.36,6.3,493.0,0.1048
C2,3.69,1.14,0.0,375.0,0.3085,2.28,3.63,505.0,0.1327
C2,3.86,1.19,0.0,392.0,0.3085,2.38,3.79,528.0,0.1327
C3,6.25,2.41,0.0705,816.0,0.3849,3.48,5.73,1867.0,0.1949
C2,2.75,1.06,0.0,359.0,0.3849,1.53,2.52,821.0,0.1949
C2,6.72,1.09,0.0526,255.0,0.1622,0.82,2.16,282.0,0.1557
C2,-1.0,0.0,0.0,1.0,-0.0021,0.0,-0.01,9.0,-0.1109
C2,-1.39,0.0,0.0,1.0,-0.0021,0.0,-0.02,13.0,-0.1109
C2,-0.82,0.0,0.0,1.0,-0.0021,0.0,-0.01,7.0,-0.1109
C3,15.07,14.74,0.0,925.0,0.9778,21.14,13.4,7936.0,0.0697
C3,9.39,3.22,0.1175,463.0,0.3434,10.77,3.59,809.0,0.1487
C2,4.7,1.61,0.0,232.0,0.3434,5.39,1.79,405.0,0.1487
C1,-0.48,-0.08,0.0,137.0,0.1578,-0.14,-4.33,197.0,0.0461
C2,-0.17,-0.03,0.0,28.0,0.1909,-0.04,-0.15,29.0,-0.1909
C2,0.0,-0.06,0.0,121.0,0.0,-0.07,0.0,0.0,0.0
C2,14.81,0.79,0.0181,225.0,0.0536,1.29,4.97,280.0,0.0537
C2,-4.86,0.63,0.0,226.0,-0.1303,3.95,3.94,446.0,0.0617
C1,-8.12,1.36,0.0,1201.0,-0.1681,15.67,-4.42,15081.0,-0.3021
C1,-0.17,0.13,0.0,27.0,-0.75,1.15,-0.65,55.0,-0.0505
C3,8.61,2.29,0.0388,1192.0,0.2654,2.87,7.71,1288.0,0.2307
C2,9.85,1.71,0.0689,584.0,0.1739,2.37,4.63,1019.0,0.1427
C3,10.78,4.09,0.0,1017.0,0.3796,18.78,10.37,4212.0,0.1069
C3,14.15,2.36,0.0406,757.0,0.1669,4.22,9.96,2288.0,0.0897
C2,-0.1,-0.02,0.0,62.0,0.1603,7.2,1.44,35.0,0.0484
C3,9.42,2.05,0.0058,786.0,218.0,2.73,8.37,925.0,0.1196
C3,19.28,0.79,0.0134,554.0,41.0,3.27,10.81,1158.0,0.0561
C1,-1.61,1.19,0.0,1143.0,-0.7382,2.23,-3.07,0.0,-0.4286
C1,-1.3,0.96,0.0,927.0,-0.7382,1.81,-2.49,0.0,-0.4286
C1,-1.68,1.24,0.0,1196.0,-0.7382,2.33,-3.21,0.0,-0.4286
C3,6.67,1.14,0.0,566.0,0.1712,16.04,4.6,1293.0,0.1419
C2,0.37,0.2,0.0,17.0,0.5349,0.1,0.13,49.0,0.1711
C2,3.0,1.63,0.0351,503.0,545.0,3.0,3.62,1419.0,0.1712
C2,1.21,0.66,0.0,202.0,545.0,1.21,1.46,571.0,0.1712
C2,1.02,0.56,0.0,171.0,545.0,1.02,1.23,483.0,0.1712
C2,-17.41,0.42,0.0,156.0,-0.0238,1.95,4.55,1477.0,0.0373
C1,-7.85,2.2,0.0,744.0,-0.28,2.62,-20.31,855.0,-0.0377
C3,10.42,1.82,0.0958,647.0,0.1746,5.05,8.22,5188.0,0.0852
C3,10.4,1.82,0.0959,646.0,0.1746,5.04,8.21,5179.0,0.0852
C3,10.43,1.82,0.0957,647.0,0.1746,5.05,8.23,5193.0,0.0852
C3,6.73,1.96,0.0852,1012.0,0.2914,4.84,4.92,960.0,0.2433
C3,6.85,2.0,0.0836,1031.0,0.2914,4.93,5.01,978.0,0.2433
C2,3.02,1.17,0.0,243.0,0.3882,5.76,1.85,861.0,0.1522
C2,2.68,1.04,0.0,216.0,0.3882,5.11,1.64,764.0,0.1522
C1,-6.81,-8.4,0.0,34.0,1.2336,-0.08,-2.87,0.0,-0.0159
C3,14.9,1.8,0.0,1307.0,0.1206,3.78,14.48,2225.0,0.1398
C3,10.43,1.26,0.0,915.0,0.1206,2.65,10.14,1558.0,0.1398
C2,9.95,0.83,0.0,475.0,0.0833,8.93,5.69,1105.0,0.0967
C2,4.78,0.63,0.0264,362.0,0.1316,0.73,3.66,671.0,0.1281
C3,11.64,4.92,0.0,2014.0,0.4227,9.98,10.6,980.0,0.3449
C2,-0.07,-0.01,0.0,76.0,0.1452,-2.71,-0.84,0.0,-0.0921
C3,18.68,5.62,0.0172,3491.0,0.3007,7.14,15.18,3344.0,0.2741
C3,17.13,1.43,0.0,818.0,0.0833,15.37,9.79,1903.0,0.0967
C2,6.18,0.66,0.0754,537.0,0.1069,1.39,6.68,651.0,0.0971
C3,14.26,1.83,0.0,1260.0,0.1283,7.62,20.08,1309.0,0.0873
C3,8.71,1.12,0.0,770.0,0.1283,4.66,12.27,800.0,0.0873
C3,12.68,1.63,0.0,1120.0,0.1283,6.77,17.85,1164.0,0.0873
C3,25.96,0.71,0.0,125.0,0.0272,1.29,3.4,344.0,0.0458
C2,0.14,0.01,0.0,7.0,0.0833,0.13,0.08,16.0,0.0967
C2,0.13,0.01,0.0,6.0,0.0833,0.12,0.08,15.0,0.0967
C3,10.32,2.58,0.0,1039.0,0.2501,4.65,5.52,804.0,0.2763
C3,10.7,2.68,0.0,1078.0,0.2501,4.82,5.73,835.0,0.2763
C3,11.26,0.81,0.0243,395.0,0.0717,0.82,12.3,1178.0,0.0365
C3,8.78,1.19,0.0337,609.0,0.1353,8.18,6.91,3802.0,0.0925
C2,6.68,0.9,0.0442,463.0,0.1353,6.23,5.26,2895.0,0.0925
C2,1.72,0.51,0.0,225.0,0.2988,-5.59,1.19,262.0,0.2392
C2,1.24,0.37,0.0,162.0,0.2988,-4.02,0.85,188.0,0.2392
C3,12.21,2.38,0.0,1123.0,0.1952,4.56,15.17,916.0,0.1236
C2,8.84,1.29,0.0266,408.0,0.1457,1.29,4.39,362.0,0.1242
C3,15.35,2.24,0.0,708.0,0.1457,2.24,7.62,629.0,0.1242
C2,-5.44,-0.11,0.0,167.0,0.0204,-0.19,2.01,198.0,0.1159
C2,-2.1,-0.04,0.0,65.0,0.0204,-0.07,0.78,77.0,0.1159
C3,15.48,1.76,0.0184,619.0,0.1134,2.61,5.93,157.0,0.1456
C3,22.03,2.5,0.0,882.0,0.1134,3.71,8.43,223.0,0.1456
C3,9.92,2.98,0.0839,1323.0,0.3002,6.52,4.73,1240.0,0.3868
C3,11.4,3.42,0.0811,1520.0,0.3002,7.49,5.43,1425.0,0.3868
C1,-0.05,-0.01,0.0,37.0,0.2073,-0.08,-0.27,14.0,-0.1514
C1,-0.04,-0.01,0.0,33.0,0.2073,-0.07,-0.24,12.0,-0.1514
C3,5.54,1.69,0.0583,716.0,0.3045,32.9,4.05,1529.0,0.1992
C2,2.66,0.81,0.0,343.0,0.3045,15.78,1.94,734.0,0.1992
C3,17.21,2.99,0.0244,637.0,0.1738,4.92,5.81,1977.0,0.1239
C2,4.72,1.02,0.0,353.0,0.2157,3.76,2.01,789.0,0.2295
C2,4.04,0.65,0.0,340.0,0.1614,1.38,4.52,577.0,0.0862
C2,4.14,0.67,0.0,349.0,0.1614,1.41,4.64,592.0,0.0862
C3,13.89,3.13,0.0268,2070.0,0.2253,5.73,13.36,2317.0,0.1687
C3,17.41,3.61,0.0132,2193.0,0.2076,5.78,15.79,3278.0,0.1619
C1,-1.26,4.35,0.0,247.0,-3.4616,5.72,-4.21,719.0,-0.0669
C2,9.24,1.17,0.0348,580.0,0.1268,2.38,3.41,797.0,0.2064
C1,-0.03,2.59,0.0,20.0,-82.4683,-0.03,-0.08,17.0,-0.2856
C1,-0.05,4.3,0.0,33.0,-82.4683,-0.06,-0.13,29.0,-0.2856
C1,-0.03,0.0,0.0,26.0,0.1011,-0.01,-0.06,124.0,-0.45
C1,-0.07,-0.01,0.0,54.0,0.1011,-0.02,-0.13,260.0,-0.45
C3,10.04,2.84,0.0345,1967.0,0.2824,3.93,11.56,1991.0,0.2065
C3,8.28,2.34,0.0,1621.0,0.2824,3.24,9.52,1641.0,0.2065
C2,-6.73,1.69,0.0,236.0,-0.2505,-2.11,4.09,253.0,0.0785
C2,-6.7,1.68,0.0,235.0,-0.2505,-2.1,4.07,252.0,0.0785
C3,19.7,2.9,0.0406,792.0,0.1473,15.38,11.6,640.0,0.1703
C3,19.48,2.87,0.0451,783.0,0.1473,15.21,11.47,633.0,0.1703
C2,8.19,2.07,0.0827,363.0,0.2532,-7.94,1.92,859.0,0.2418
C3,8.03,1.39,0.0399,964.0,0.1735,2.62,6.8,410.0,0.1763
C3,12.83,2.23,0.0275,1540.0,0.1735,4.18,10.87,656.0,0.1763
C2,8.07,0.98,0.0,400.0,0.1217,13.41,2.42,1067.0,0.1836
